57451,John,Atanbori
57452,David,Parker
57452,Simon,Grey
57453,Darren,McKie
57453,John,Dixon
57453,John,Whelan
57454,David,Parker
57455,John,Dixon
57455,Simon,Grey
57456,John,Dixon
57457,Jamshed,Iqbal 
57458,Nina,Dethlefs
57458,Jamshed,Iqbal 
57458,John,Dixon
57458,John,Whelan
57459,Simon,Stobart
57459,Anne,Colman
57460,Shelly,Jackson
57461,Barbara,Spenser
57462,Cormac,Wilson
57462,Rafael,Gonzalez
57463,Chandrasekhar, Kambhampati
57463,Michael,Monker
57464,Peter,Robinson
57464,Neil,Gordon
57465,Jamshed,Iqbal 
57466,Yongqiang, Cheng
57466,Brian,Tompsett 
57466,Neil,Gordon
57467,Nina,Dethlefs
57468,Samuel,Rose
57469,Matthew,Hartley
57469,Jamshed,Iqbal 
57469,David,Parker
57469,Nina,Dethlefs
57469,Shelly,Jackson
